currency,ALL,AMD,AUD,BIF,BRL,CAD,CDF,CHF,CLP,COP,CZK,DZD,EUR,GBP,GHS,GTQ,IDR,INR,ISK,JMD,JPY,KES,KRW,MUR,MXN,MZN,NIO,NOK,NZD,PEN,PHP,PLN,PYG,RSD,SEK,SGD,THB,TRY,TZS,UGX,UYU,ZAR,ZMW
ALL,1.0,0.13366885990691316,0.5130084455494377,0.011699436154192762,0.049212674980988136,0.39881128867436305,-0.10839939723296653,0.7898429767230081,0.2416528295702997,0.057871269590737726,0.7343224889337489,0.2938834669231479,0.848159894320248,0.7538344109433711,-0.03413531682088902,0.052051693277278065,0.08309499935656796,0.21382926611405131,0.5074416620958645,-0.19975086525451716,0.5072485772688824,0.3259250914646607,0.35971106722568763,0.3062824348842572,0.11336761512561974,0.22853441392613297,-0.26730200959485073,0.6091837597500629,0.45174698148479975,0.18030662774637285,0.03446259170025993,0.6654001518522031,-0.024350167449301106,0.7474843548298776,0.7897239636918516,0.6194598012246373,0.44405587081663045,0.18662284083530745,0.28385300388480267,0.16380523223251486,-0.0743014383445966,0.39353984817726173,0.13060218201982576
AMD,0.13366885990691316,1.0,-0.15678967683440106,0.06597010670894261,0.12005804255656888,-0.08655072681825417,-0.03653442759448414,-0.0302137260526289,-0.07926134771320065,0.11433477959667934,0.009905567409882243,0.0926301908485204,-0.00663736371601151,0.06701542434734573,0.18067519700281506,0.004828107373756344,-0.22515510819578224,0.016987171932942715,0.07010974042463801,0.15417722533278458,-0.0016144673793929709,0.12277936973161284,0.015420943210465214,-0.12837509349463014,0.08926966457014343,0.24435709972479142,0.31807299941357975,-0.09745709517552426,-0.007592274244459903,0.10149963237278739,0.25805458078371996,0.05713667828527613,0.06471963407059471,0.06503818444689259,-0.04283965351782608,-0.009988006577724343,0.018227484706358044,-0.04910805199901747,0.22130640117512715,0.2704760066828487,-0.012688822385411655,-0.1775294604180898,-0.14834149783474138
AUD,0.5130084455494377,-0.15678967683440106,1.0,0.01280459445272694,0.3072014806740529,0.6410848056840386,0.009282102708614928,0.5189334834670241,0.40481572990697495,0.2961265028666428,0.5389424087129175,0.19965030167329081,0.6399234124294428,0.5981420496626914,-0.05502698256691694,-0.1726362871352958,0.4844960112330696,0.3191732741151311,0.5879920333498085,-0.11077864337734318,0.38497319893567444,0.20109387365594886,0.37420509058295426,0.27738138556859143,0.15853775898158257,0.05986927621451092,-0.303854927033022,0.526951345019669,0.7711986360840268,0.28080963382964663,0.11872246477531818,0.5312040525360389,0.08819083939329857,0.5907438291223914,0.6504341931441824,0.5257369438434595,0.4558440713240378,0.37096867905778547,0.1559426744592378,0.12016519061892772,0.15014598275363517,0.37271591774463664,0.01289191952558663
BIF,0.011699436154192762,0.06597010670894261,0.01280459445272694,1.0,0.3645520776385456,0.005630181244594792,0.134769448072169,-0.03278783550111838,0.26771264500327824,0.22087715646132658,0.03838503427991606,-0.09026510678173981,-0.01938995424501264,-0.043729394964942006,-0.038703887689079446,0.03398512152683126,0.07282894957134028,-0.08668648829373661,-0.00041390688849386433,-0.0967897696676532,-0.028882242078643,0.04490218552952961,-0.06072079871859325,-0.07415963425308471,0.22673305031695828,-0.09139573692199401,0.12695383685731018,-0.050940835437494975,-0.015260694112297375,0.09537902461447034,-0.011291542610272003,0.013254756825634416,0.03862660686596199,-0.06797834154058151,-0.04635152660407891,-0.04038081037309093,0.07609042193246092,0.04588024144338215,-0.0022822192645942816,-0.08653480744821697,0.21550433687198137,-0.011424865156782977,0.37436667640932253
BRL,0.049212674980988136,0.12005804255656888,0.3072014806740529,0.3645520776385456,1.0,0.2992646393253249,0.07933609758956953,-0.11096933957105629,0.5407235632111578,0.5517115659554787,0.0162213705908831,-0.09499794984087295,-0.001469936075103652,-0.06052145005006308,0.23885802730666245,-0.1606787214726536,0.27793014357040974,0.2116211851054405,0.0732368703632437,-0.08640541900007127,-0.013588685346801443,0.16164275870023587,0.10931199050578227,0.01209661701905177,0.45134436955083135,-0.10186356196927805,0.2440902315085267,-0.04550507788917134,0.09086413452530122,0.3909744881187329,0.3738345016579981,0.18244462731484062,0.3646221394555969,-0.026610999208368614,-0.01753247210503284,0.07708678851610173,0.2188895108007672,0.4809229106879328,0.059703530740266374,-0.043403576019183154,0.3756077049865518,0.020421696064856682,0.03609018414681325
CAD,0.39881128867436305,-0.08655072681825417,0.6410848056840386,0.005630181244594792,0.2992646393253249,1.0,0.1878164346710658,0.4123573666087852,0.3118560311792319,0.1984871615186489,0.3933261719048393,0.08566790462110234,0.47007267526593327,0.3340702764118817,0.0391833762983508,-0.16051226073069053,0.3178451175753204,0.21179254992238658,0.4698971727774755,-0.17544383886044088,0.3065529814420261,0.1662694619899742,0.2145286295660458,0.16423603611718188,0.12979797718476893,0.14852972432151074,-0.16111097486778458,0.42686838998518345,0.39580984998222435,0.23387715250649968,0.06504450681969073,0.4440821841298394,0.07679201807247685,0.3845073324493934,0.4907220661922934,0.35796325761543757,0.21633986265485747,0.2699428852242694,0.28426491892613914,-0.020614106725308015,0.19663979172403492,0.2658152978394656,0.11498765974799464
CDF,-0.10839939723296653,-0.03653442759448414,0.009282102708614928,0.134769448072169,0.07933609758956953,0.1878164346710658,1.0,-0.08176896368677927,0.16506951851598717,0.11441473523114495,-0.0734687236447096,0.02567162599889717,-0.14332614066694466,0.027598925552212262,0.0403873321656799,-0.15175355875679922,0.05984548217330163,-0.039880827687122075,-0.047726311270140445,-0.003337474927304848,0.01109169041955543,-0.08002428610579754,-0.08619064505804029,0.019440963872540868,0.07345292936133258,-0.04141827535453841,-4.6694981287113534e-05,-0.015054637894535601,-0.0676002374340218,-0.03820710640405353,0.06487651154434203,-0.030537585849837765,0.10977064540259203,-0.17825733421429318,-0.06970870767033342,-0.11306358396144114,0.010779982891098733,0.09906896413410968,0.015804264442502835,0.17429456963366938,0.002909368061324366,0.0908406963205854,0.07336966948581507
CHF,0.7898429767230081,-0.0302137260526289,0.5189334834670241,-0.03278783550111838,-0.11096933957105629,0.4123573666087852,-0.08176896368677927,1.0,0.13340042081930792,-0.19481281651925653,0.8795569591773524,0.17303484435610703,0.9452077947928229,0.7930330444694509,-0.2412755362383193,-0.02358576614077555,0.16032741600760952,0.05828649718556614,0.5827983833027631,-0.1861077739635771,0.7463933726777148,0.2715541050406662,0.47396033024981926,0.30308819960453715,-0.15980732149770824,0.2273130480208584,-0.3141012578383374,0.7813955357751863,0.46326391759699903,0.062327009194426984,-0.0024182176063471316,0.6682841621193312,-0.22042416086106592,0.8021076581774361,0.8673690272902336,0.650723863155889,0.5169449181542783,-0.08512013161397063,0.23043413701412457,0.016894704177443723,-0.20411267020122661,0.40738849215102074,0.001154945865351848
CLP,0.2416528295702997,-0.07926134771320065,0.40481572990697495,0.26771264500327824,0.5407235632111578,0.3118560311792319,0.16506951851598717,0.13340042081930792,1.0,0.47388584670552614,0.21035082549176723,0.18327854954458728,0.23223766092312326,0.19665665159119392,0.1558521124195506,-0.01080649210490352,0.3053922819014332,0.18960434868439094,0.2538917815093568,-0.05960874294585382,0.19216361124215267,0.17701863033132595,0.1329744528291004,0.20563838959804073,0.3719948465252946,0.1565170640889454,-0.03207861367555018,0.14406319578173735,0.2736913949962895,0.19575729778497583,0.2042369003623194,0.3919913186158818,0.11907271019235667,0.17538736386475837,0.2453210272866868,0.2504303005914775,0.32315112498408366,0.44664703463129224,0.13264785363014056,-0.06847223614404846,0.2207656215040147,0.2736591639126547,0.2245166124572988
COP,0.057871269590737726,0.11433477959667934,0.2961265028666428,0.22087715646132658,0.5517115659554787,0.1984871615186489,0.11441473523114495,-0.19481281651925653,0.47388584670552614,1.0,-0.02221597444940315,0.007914716645095193,-0.052596017853662656,0.0005464309934314121,0.29344922617611313,0.030431362592120974,0.24871906346794942,0.38613541369073745,0.24126724274574002,0.05444279773291742,-0.20750826127482347,0.24558640305587912,0.14915818134135272,0.010225613199961684,0.4977764185356635,0.06526096002573478,0.2277262820355928,-0.058269663282333926,0.29350728089811645,0.2905719223143899,0.43872301545874104,0.295298381236996,0.19938073925756084,-0.049814220534679585,-0.035895945249372174,0.10347904004709446,0.23458757483720222,0.5842312839182537,0.09122251894742854,0.32319495155114897,0.4004953029911335,0.14697534439817625,0.10724075277129781
CZK,0.7343224889337489,0.009905567409882243,0.5389424087129175,0.03838503427991606,0.0162213705908831,0.3933261719048393,-0.0734687236447096,0.8795569591773524,0.21035082549176723,-0.02221597444940315,1.0,0.17297438273337581,0.9034557901644569,0.7777282296430801,-0.220377731519256,0.04319795475436256,0.22849313696486298,0.1298167415934231,0.5646345082593577,-0.16484382810435266,0.6478009746664493,0.3756388194850567,0.4992741367568083,0.22943958126119235,-0.00870430841901531,0.27230508738207404,-0.21104552361616932,0.7549655908551768,0.4611641208815747,0.13466665272801173,0.18565412604943737,0.7195988655997023,-0.1582657627986166,0.7906516343303417,0.856853480285447,0.6681697568786419,0.5713420658081747,0.027647501358185275,0.27698559765369796,0.02781557706559135,-0.15225673019410435,0.4020409709155267,-0.06523782890933882
DZD,0.2938834669231479,0.0926301908485204,0.19965030167329081,-0.09026510678173981,-0.09499794984087295,0.08566790462110234,0.02567162599889717,0.17303484435610703,0.18327854954458728,0.007914716645095193,0.17297438273337581,1.0,0.19024448547057815,0.21165627214034471,0.08909024333550572,0.02702461581453662,-0.12351346146458572,0.09961241122130687,0.09142628696917125,-0.08560164611111461,0.22245110326287515,0.23431826129568356,-0.02922153373168766,0.029931215294087543,-0.03751899611381263,0.12088536039810135,-0.12093395212819012,0.16240205725243492,0.19671440823031094,0.02168140314364896,-0.021722367175106817,0.18764605242852356,0.21657256571679268,0.18169823166462723,0.19111847085630887,0.16065232693575648,0.10610918120878991,-0.04646252365363583,0.10674020384424433,0.09360521301853632,-0.03183714612300883,0.3187155251237746,0.052792229065889595
EUR,0.848159894320248,-0.00663736371601151,0.6399234124294428,-0.01938995424501264,-0.001469936075103652,0.47007267526593327,-0.14332614066694466,0.9452077947928229,0.23223766092312326,-0.052596017853662656,0.9034557901644569,0.19024448547057815,1.0,0.8218963231760336,-0.21637977885844376,-0.07966323616910205,0.2874917550033449,0.17245662385677735,0.6423412474844105,-0.21003190265579885,0.6556241826077424,0.3398426889491539,0.49774633001839036,0.3571451260236798,-0.05666069972679274,0.2482576347026302,-0.3532091351424969,0.7889890223595001,0.5661476896310802,0.10593688661130615,0.07558643945081599,0.6926654439788865,-0.1804149815499615,0.8842201717882007,0.9357133599704314,0.6977333116115139,0.5810112234092716,0.05385279542653614,0.2578374140531476,0.03935386428285277,-0.1625019107285388,0.42934515431401904,-0.0016875019897727066
GBP,0.7538344109433711,0.06701542434734573,0.5981420496626914,-0.043729394964942006,-0.06052145005006308,0.3340702764118817,0.027598925552212262,0.7930330444694509,0.19665665159119392,0.0005464309934314121,0.7777282296430801,0.21165627214034471,0.8218963231760336,1.0,-0.09408798371437911,-0.0768238222042525,0.122183013963622,0.1850776691740783,0.6205268075210204,0.007329551684974121,0.5907961793875787,0.1562538661757873,0.4972156901947212,0.22393830354334077,0.02745674344350927,0.19754560557871795,-0.2395927436520273,0.6263767446223708,0.5502061040929456,0.05919712365013968,0.0038555945652805216,0.604179365249497,-0.17812083372629045,0.7661879535013632,0.7990879669978493,0.5830973026218117,0.5286179642116782,0.09008424185002359,0.1262853854992109,0.1319651998892829,-0.17435760503794517,0.34518340962975497,-0.022322163630813276
GHS,-0.03413531682088902,0.18067519700281506,-0.05502698256691694,-0.038703887689079446,0.23885802730666245,0.0391833762983508,0.0403873321656799,-0.2412755362383193,0.1558521124195506,0.29344922617611313,-0.220377731519256,0.08909024333550572,-0.21637977885844376,-0.09408798371437911,1.0,-0.11635582272681101,-0.30655669327906626,0.09874304392942317,-0.2332933439241193,0.08798598878731459,-0.20606650702465285,0.011040336596807074,-0.06465646623824636,-0.20222644193603434,0.1955898408992969,-0.028335546382956746,0.4460041940585421,-0.2274839269674826,-0.16518309570251496,0.01586241946599917,0.009023034405385943,0.04651507349006359,0.3070959085933966,-0.2076637990683875,-0.14457665835387776,-0.12792517313907364,0.0017718385738216978,0.17052469948806154,-0.020400668874516175,0.1877131766392883,0.44580365169822417,-0.23220813094832066,0.04512946764626409
GTQ,0.052051693277278065,0.004828107373756344,-0.1726362871352958,0.03398512152683126,-0.1606787214726536,-0.16051226073069053,-0.15175355875679922,-0.02358576614077555,-0.01080649210490352,0.030431362592120974,0.04319795475436256,0.02702461581453662,-0.07966323616910205,-0.0768238222042525,-0.11635582272681101,1.0,-0.025232352950645808,-0.10479261181174128,-0.12732367797747415,0.08188098732607921,-0.1082082097719513,0.012995410113875004,0.05451464289078358,-0.2062325076926653,0.20223585178543518,-0.0314923655626221,0.12092593259743974,0.05950529722993759,-0.18150561524189524,0.037742299528665466,0.004945169859859026,0.17141430374883135,0.004132137984653339,-0.12403352192024225,-0.08897998224867439,0.021475434737518402,-0.20171851832321608,0.10634049136131726,-0.028639974249619466,0.17783223335302442,-0.12459658333941634,0.03914024095630148,0.11701924257799125
IDR,0.08309499935656796,-0.22515510819578224,0.4844960112330696,0.07282894957134028,0.27793014357040974,0.3178451175753204,0.05984548217330163,0.16032741600760952,0.3053922819014332,0.24871906346794942,0.22849313696486298,-0.12351346146458572,0.2874917550033449,0.122183013963622,-0.30655669327906626,-0.025232352950645808,1.0,0.2079767145389549,0.21229386943919104,-0.07284999239080424,0.11618243841541152,0.187262893571773,0.34397270565642435,0.13169235467301343,0.12395997972025276,0.030603105982388665,-0.266623119205388,0.24027515418825213,0.2667897462761684,0.13363560815732736,0.28847280886475657,0.2145027668093092,0.07522852188118695,0.29492044513460774,0.3325909794035932,0.4269613395662269,0.4024313378200479,0.3289722315300323,-0.020599820237906928,0.045416488902935856,-0.040849820606397906,0.25504890955955334,0.011581452762335208
INR,0.21382926611405131,0.016987171932942715,0.3191732741151311,-0.08668648829373661,0.2116211851054405,0.21179254992238658,-0.039880827687122075,0.05828649718556614,0.18960434868439094,0.38613541369073745,0.1298167415934231,0.09961241122130687,0.17245662385677735,0.1850776691740783,0.09874304392942317,-0.10479261181174128,0.2079767145389549,1.0,0.2599293405838709,0.1251011205647931,0.17615313077714134,0.22407813500399404,0.38228930901079927,0.156001256153531,0.2116438068796413,0.20216952996296536,0.004932808936020688,0.1378446729824661,0.2524612853101345,0.23111650441682235,0.22136638406566492,0.268702591582142,0.05814512919391407,0.19640523039788155,0.2508098303001118,0.34758600445991616,0.3595570580765499,0.38437928401148064,0.2325587179961943,0.027425002727072052,0.03478403419550866,0.32410436019718586,0.09361885683616823
ISK,0.5074416620958645,0.07010974042463801,0.5879920333498085,-0.00041390688849386433,0.0732368703632437,0.4698971727774755,-0.047726311270140445,0.5827983833027631,0.2538917815093568,0.24126724274574002,0.5646345082593577,0.09142628696917125,0.6423412474844105,0.6205268075210204,-0.2332933439241193,-0.12732367797747415,0.21229386943919104,0.2599293405838709,1.0,-0.03719343336446788,0.33764332498451793,0.33594886863574464,0.3694463478074757,0.31709486337216375,0.22029795391943022,0.22690136035323522,-0.23629064761889582,0.5072512788951021,0.672132106740341,0.08682348990961739,0.16258577046009584,0.582208193594816,-0.2511444682251372,0.5506732799156676,0.5915036640987024,0.432464798383113,0.36806396174732553,0.2188802424403848,0.19286448072170592,0.1628646130894052,-0.14369034100306458,0.3676576965728272,0.043292304521522745
JMD,-0.19975086525451716,0.15417722533278458,-0.11077864337734318,-0.0967897696676532,-0.08640541900007127,-0.17544383886044088,-0.003337474927304848,-0.1861077739635771,-0.05960874294585382,0.05444279773291742,-0.16484382810435266,-0.08560164611111461,-0.21003190265579885,0.007329551684974121,0.08798598878731459,0.08188098732607921,-0.07284999239080424,0.1251011205647931,-0.03719343336446788,1.0,-0.1364021243763031,-0.3441798642915379,0.02819573299891807,-0.27492891848234136,-0.13002936705078622,0.058175818529141915,0.3085769902357184,-0.09134222451162669,-0.05977088987905599,-0.041803843929191974,-0.07625118199697158,-0.04154886429501789,-0.03545440177771634,-0.11885625283097868,-0.13707885105616108,-0.04266078173244546,0.018297321443714917,-0.020476280315054867,0.0937876411504138,0.2533443794804162,0.06704823472279414,-0.1261818580423402,-0.11040574275641618
JPY,0.5072485772688824,-0.0016144673793929709,0.38497319893567444,-0.028882242078643,-0.013588685346801443,0.3065529814420261,0.01109169041955543,0.7463933726777148,0.19216361124215267,-0.20750826127482347,0.6478009746664493,0.22245110326287515,0.6556241826077424,0.5907961793875787,-0.20606650702465285,-0.1082082097719513,0.11618243841541152,0.17615313077714134,0.33764332498451793,-0.1364021243763031,1.0,0.13852141257357375,0.5023538101915317,0.23188968556174006,-0.19412262996566212,0.18496306081034272,-0.27088880161880735,0.5368711240917398,0.2385678624551812,0.0382316517341597,-0.0669873029389266,0.4085920025473798,-0.15409057372068863,0.5363023176102578,0.5757686395088015,0.611723446160497,0.5603582973490737,-0.10150510316030065,0.16486154611538104,-0.12505942884930932,-0.243640026807757,0.29896743360250827,-0.1272158610986493
KES,0.3259250914646607,0.12277936973161284,0.20109387365594886,0.04490218552952961,0.16164275870023587,0.1662694619899742,-0.08002428610579754,0.2715541050406662,0.17701863033132595,0.24558640305587912,0.3756388194850567,0.23431826129568356,0.3398426889491539,0.1562538661757873,0.011040336596807074,0.012995410113875004,0.187262893571773,0.22407813500399404,0.33594886863574464,-0.3441798642915379,0.13852141257357375,1.0,0.17326099488981886,0.23881022056272705,0.30906936923761225,0.20925979533693279,-0.055535193827570925,0.24808668323362848,0.252595750684353,-0.03516744924215331,0.39786865284948175,0.44326863110094084,0.13837175606922136,0.2500136289082992,0.2733797847431103,0.2990453524618839,0.2866106823203393,0.3195886515928292,-0.02240518137211887,0.05094671085475372,-0.05678372832977662,0.22569063663604974,0.11002135890765931
KRW,0.35971106722568763,0.015420943210465214,0.37420509058295426,-0.06072079871859325,0.10931199050578227,0.2145286295660458,-0.08619064505804029,0.47396033024981926,0.1329744528291004,0.14915818134135272,0.4992741367568083,-0.02922153373168766,0.49774633001839036,0.4972156901947212,-0.06465646623824636,0.05451464289078358,0.34397270565642435,0.38228930901079927,0.3694463478074757,0.02819573299891807,0.5023538101915317,0.17326099488981886,1.0,-0.04669983068456997,0.04572567639301763,0.1558907848600059,-0.0738437844806663,0.5096061047387431,0.3579630803558344,0.1565591075585429,0.20710731231296345,0.43487555967981995,-0.2764951422171966,0.4589691888421227,0.5028000111942228,0.6709436190742228,0.6318135439940921,0.0798535137115718,0.16103995531313106,0.1238580192570729,-0.1334111718473581,0.35617023320461794,0.06540349378498783
MUR,0.3062824348842572,-0.12837509349463014,0.27738138556859143,-0.07415963425308471,0.01209661701905177,0.16423603611718188,0.019440963872540868,0.30308819960453715,0.20563838959804073,0.010225613199961684,0.22943958126119235,0.029931215294087543,0.3571451260236798,0.22393830354334077,-0.20222644193603434,-0.2062325076926653,0.13169235467301343,0.156001256153531,0.31709486337216375,-0.27492891848234136,0.23188968556174006,0.23881022056272705,-0.04669983068456997,1.0,-0.03576227587122783,0.060167617241600295,-0.16502959658704114,0.18636752354386285,0.2678215815703809,0.13342548783040672,0.05586161453250185,0.1447457482950721,-0.18848233112624824,0.24544446091980043,0.25993095452796416,0.21311203041348448,0.14689596854646905,0.12001209381055233,-0.017024021150311354,-0.06823896044840114,-0.1493843368122975,0.11079631324412507,0.017472543539663373
MXN,0.11336761512561974,0.08926966457014343,0.15853775898158257,0.22673305031695828,0.45134436955083135,0.12979797718476893,0.07345292936133258,-0.15980732149770824,0.3719948465252946,0.4977764185356635,-0.00870430841901531,-0.03751899611381263,-0.05666069972679274,0.02745674344350927,0.1955898408992969,0.20223585178543518,0.12395997972025276,0.2116438068796413,0.22029795391943022,-0.13002936705078622,-0.19412262996566212,0.30906936923761225,0.04572567639301763,-0.03576227587122783,1.0,-0.03771844860498411,0.1817094388169941,-0.09305057326252117,0.10636598457982344,0.26139861881822385,0.3719369340998805,0.23222672601078376,0.1706812937235203,-0.023941770526731264,-0.04761418963269416,0.05907275862816395,-0.013709108345346104,0.5167723586948239,0.05287919040884702,0.08616322441137429,0.12132963491048751,-0.006739851501400438,0.18285234400300973
MZN,0.22853441392613297,0.24435709972479142,0.05986927621451092,-0.09139573692199401,-0.10186356196927805,0.14852972432151074,-0.04141827535453841,0.2273130480208584,0.1565170640889454,0.06526096002573478,0.27230508738207404,0.12088536039810135,0.2482576347026302,0.19754560557871795,-0.028335546382956746,-0.0314923655626221,0.030603105982388665,0.20216952996296536,0.22690136035323522,0.058175818529141915,0.18496306081034272,0.20925979533693279,0.1558907848600059,0.060167617241600295,-0.03771844860498411,1.0,-0.0021902233033267745,0.0735007760342581,0.13267511475834637,0.05473241296611975,0.0831795945770939,0.40663794105264345,-0.07532703247422991,0.17604742316735847,0.28852621368684533,0.2463602696236259,0.22923975443725092,0.11917935699950823,0.1706969644885827,0.04158362939513362,0.025968304844856165,0.2595083145115166,0.14736837957632729
NIO,-0.26730200959485073,0.31807299941357975,-0.303854927033022,0.12695383685731018,0.2440902315085267,-0.16111097486778458,-4.6694981287113534e-05,-0.3141012578383374,-0.03207861367555018,0.2277262820355928,-0.21104552361616932,-0.12093395212819012,-0.3532091351424969,-0.2395927436520273,0.4460041940585421,0.12092593259743974,-0.266623119205388,0.004932808936020688,-0.23629064761889582,0.3085769902357184,-0.27088880161880735,-0.055535193827570925,-0.0738437844806663,-0.16502959658704114,0.1817094388169941,-0.0021902233033267745,1.0,-0.2227884719886644,-0.32211476847016696,0.18963077777420917,0.37980954211939555,-0.003975802295760532,0.1396475446693223,-0.27447320908341977,-0.31081773872200447,-0.17623641886385377,-0.10347907410796478,-0.03152052585967155,0.09991204420894491,0.18222211157089493,0.3687079494361256,-0.18533527162576063,0.07568144550328802
NOK,0.6091837597500629,-0.09745709517552426,0.526951345019669,-0.050940835437494975,-0.04550507788917134,0.42686838998518345,-0.015054637894535601,0.7813955357751863,0.14406319578173735,-0.058269663282333926,0.7549655908551768,0.16240205725243492,0.7889890223595001,0.6263767446223708,-0.2274839269674826,0.05950529722993759,0.24027515418825213,0.1378446729824661,0.5072512788951021,-0.09134222451162669,0.5368711240917398,0.24808668323362848,0.5096061047387431,0.18636752354386285,-0.09305057326252117,0.0735007760342581,-0.2227884719886644,1.0,0.3968002159105174,0.11009074460044468,0.07014340459009527,0.6228501737706266,-0.25143435111871426,0.7346362843791142,0.7979637162405333,0.6296128071854972,0.4423889562264927,-0.051569298202693736,0.2872501524324721,0.010449260438612615,-0.18352410297969046,0.4311865249637429,-0.00256127154207166
NZD,0.45174698148479975,-0.007592274244459903,0.7711986360840268,-0.015260694112297375,0.09086413452530122,0.39580984998222435,-0.0676002374340218,0.46326391759699903,0.2736913949962895,0.29350728089811645,0.4611641208815747,0.19671440823031094,0.5661476896310802,0.5502061040929456,-0.16518309570251496,-0.18150561524189524,0.2667897462761684,0.2524612853101345,0.672132106740341,-0.05977088987905599,0.2385678624551812,0.252595750684353,0.3579630803558344,0.2678215815703809,0.10636598457982344,0.13267511475834637,-0.32211476847016696,0.3968002159105174,1.0,0.20200102748226662,0.15989264692138186,0.49651315753184083,-0.14796407628446762,0.5073903276936994,0.5687409331395243,0.40206821519052033,0.34129936292015384,0.20622576428015363,0.2240196798502461,0.2376463911973718,0.08515924227657747,0.38661314314351053,0.049032108450167915
PEN,0.18030662774637285,0.10149963237278739,0.28080963382964663,0.09537902461447034,0.3909744881187329,0.23387715250649968,-0.03820710640405353,0.062327009194426984,0.19575729778497583,0.2905719223143899,0.13466665272801173,0.02168140314364896,0.10593688661130615,0.05919712365013968,0.01586241946599917,0.037742299528665466,0.13363560815732736,0.23111650441682235,0.08682348990961739,-0.041803843929191974,0.0382316517341597,-0.03516744924215331,0.1565591075585429,0.13342548783040672,0.26139861881822385,0.05473241296611975,0.18963077777420917,0.11009074460044468,0.20200102748226662,1.0,0.22885673326397313,0.30922954240239664,0.15396573528778237,0.15168651488124046,0.14463049003508,0.26896141751554037,0.05287463249760797,0.23473977542905522,0.31969720053999334,0.05475188726822397,0.3541934819675544,0.2018227307209681,0.0872672419462426
PHP,0.03446259170025993,0.25805458078371996,0.11872246477531818,-0.011291542610272003,0.3738345016579981,0.06504450681969073,0.06487651154434203,-0.0024182176063471316,0.2042369003623194,0.43872301545874104,0.18565412604943737,-0.021722367175106817,0.07558643945081599,0.0038555945652805216,0.009023034405385943,0.004945169859859026,0.28847280886475657,0.22136638406566492,0.16258577046009584,-0.07625118199697158,-0.0669873029389266,0.39786865284948175,0.20710731231296345,0.05586161453250185,0.3719369340998805,0.0831795945770939,0.37980954211939555,0.07014340459009527,0.15989264692138186,0.22885673326397313,1.0,0.2220993322924144,0.1121763672440993,0.13490699556985739,0.061760548379658366,0.24274076823708265,0.2897572827943428,0.2480543164770139,0.16014142246272614,0.2073693597766516,0.1721946932391552,0.1463092058525601,0.11997238906121092
PLN,0.6654001518522031,0.05713667828527613,0.5312040525360389,0.013254756825634416,0.18244462731484062,0.4440821841298394,-0.030537585849837765,0.6682841621193312,0.3919913186158818,0.295298381236996,0.7195988655997023,0.18764605242852356,0.6926654439788865,0.604179365249497,0.04651507349006359,0.17141430374883135,0.2145027668093092,0.268702591582142,0.582208193594816,-0.04154886429501789,0.4085920025473798,0.44326863110094084,0.43487555967981995,0.1447457482950721,0.23222672601078376,0.40663794105264345,-0.003975802295760532,0.6228501737706266,0.49651315753184083,0.30922954240239664,0.2220993322924144,1.0,-0.0003026389706295554,0.6198034570421699,0.7098802570207174,0.5743218077198625,0.4140409937206705,0.3712567541137689,0.3206961972619873,0.1938783657885323,0.13003087858508341,0.4713616754015586,0.16518509990875374
PYG,-0.024350167449301106,0.06471963407059471,0.08819083939329857,0.03862660686596199,0.3646221394555969,0.07679201807247685,0.10977064540259203,-0.22042416086106592,0.11907271019235667,0.19938073925756084,-0.1582657627986166,0.21657256571679268,-0.1804149815499615,-0.17812083372629045,0.3070959085933966,0.004132137984653339,0.07522852188118695,0.05814512919391407,-0.2511444682251372,-0.03545440177771634,-0.15409057372068863,0.13837175606922136,-0.2764951422171966,-0.18848233112624824,0.1706812937235203,-0.07532703247422991,0.1396475446693223,-0.25143435111871426,-0.14796407628446762,0.15396573528778237,0.1121763672440993,-0.0003026389706295554,1.0,-0.18105472349343626,-0.150265024206748,-0.05384711329916326,-0.16709655723180009,0.3242531463638931,-0.05364040559721179,0.05002865114586994,0.33805612566666254,-0.14902510086658738,0.013658201091307864
RSD,0.7474843548298776,0.06503818444689259,0.5907438291223914,-0.06797834154058151,-0.026610999208368614,0.3845073324493934,-0.17825733421429318,0.8021076581774361,0.17538736386475837,-0.049814220534679585,0.7906516343303417,0.18169823166462723,0.8842201717882007,0.7661879535013632,-0.2076637990683875,-0.12403352192024225,0.29492044513460774,0.19640523039788155,0.5506732799156676,-0.11885625283097868,0.5363023176102578,0.2500136289082992,0.4589691888421227,0.24544446091980043,-0.023941770526731264,0.17604742316735847,-0.27447320908341977,0.7346362843791142,0.5073903276936994,0.15168651488124046,0.13490699556985739,0.6198034570421699,-0.18105472349343626,1.0,0.8632185055111662,0.6844030097297746,0.5513794544584719,0.059210411522232144,0.3008805272503046,0.021248726749071672,-0.1605167645851053,0.3595600336318799,-0.04022563760742018
SEK,0.7897239636918516,-0.04283965351782608,0.6504341931441824,-0.04635152660407891,-0.01753247210503284,0.4907220661922934,-0.06970870767033342,0.8673690272902336,0.2453210272866868,-0.035895945249372174,0.856853480285447,0.19111847085630887,0.9357133599704314,0.7990879669978493,-0.14457665835387776,-0.08897998224867439,0.3325909794035932,0.2508098303001118,0.5915036640987024,-0.13707885105616108,0.5757686395088015,0.2733797847431103,0.5028000111942228,0.25993095452796416,-0.04761418963269416,0.28852621368684533,-0.31081773872200447,0.7979637162405333,0.5687409331395243,0.14463049003508,0.061760548379658366,0.7098802570207174,-0.150265024206748,0.8632185055111662,1.0,0.699201508137165,0.5858599547011116,0.05753017717495048,0.2757469409751708,0.03799565865511773,-0.09338400414408861,0.4673836782224703,0.01873382624778152
SGD,0.6194598012246373,-0.009988006577724343,0.5257369438434595,-0.04038081037309093,0.07708678851610173,0.35796325761543757,-0.11306358396144114,0.650723863155889,0.2504303005914775,0.10347904004709446,0.6681697568786419,0.16065232693575648,0.6977333116115139,0.5830973026218117,-0.12792517313907364,0.021475434737518402,0.4269613395662269,0.34758600445991616,0.432464798383113,-0.04266078173244546,0.611723446160497,0.2990453524618839,0.6709436190742228,0.21311203041348448,0.05907275862816395,0.2463602696236259,-0.17623641886385377,0.6296128071854972,0.40206821519052033,0.26896141751554037,0.24274076823708265,0.5743218077198625,-0.05384711329916326,0.6844030097297746,0.699201508137165,1.0,0.6639837118369923,0.17730090165916645,0.28666993061526674,0.09612457282925796,-0.10992183777963066,0.36721098203956326,0.06397187008869984
THB,0.44405587081663045,0.018227484706358044,0.4558440713240378,0.07609042193246092,0.2188895108007672,0.21633986265485747,0.010779982891098733,0.5169449181542783,0.32315112498408366,0.23458757483720222,0.5713420658081747,0.10610918120878991,0.5810112234092716,0.5286179642116782,0.0017718385738216978,-0.20171851832321608,0.4024313378200479,0.3595570580765499,0.36806396174732553,0.018297321443714917,0.5603582973490737,0.2866106823203393,0.6318135439940921,0.14689596854646905,-0.013709108345346104,0.22923975443725092,-0.10347907410796478,0.4423889562264927,0.34129936292015384,0.05287463249760797,0.2897572827943428,0.4140409937206705,-0.16709655723180009,0.5513794544584719,0.5858599547011116,0.6639837118369923,1.0,0.22577232044130294,0.06351141807632679,0.03455404103904794,-0.04385911193357703,0.32936081128447314,-0.03266809389464736
TRY,0.18662284083530745,-0.04910805199901747,0.37096867905778547,0.04588024144338215,0.4809229106879328,0.2699428852242694,0.09906896413410968,-0.08512013161397063,0.44664703463129224,0.5842312839182537,0.027647501358185275,-0.04646252365363583,0.05385279542653614,0.09008424185002359,0.17052469948806154,0.10634049136131726,0.3289722315300323,0.38437928401148064,0.2188802424403848,-0.020476280315054867,-0.10150510316030065,0.3195886515928292,0.0798535137115718,0.12001209381055233,0.5167723586948239,0.11917935699950823,-0.03152052585967155,-0.051569298202693736,0.20622576428015363,0.23473977542905522,0.2480543164770139,0.3712567541137689,0.3242531463638931,0.059210411522232144,0.05753017717495048,0.17730090165916645,0.22577232044130294,1.0,-0.033120868688443196,0.12082057031787173,0.2924130243139416,0.22302037325961893,0.1105865990100583
TZS,0.28385300388480267,0.22130640117512715,0.1559426744592378,-0.0022822192645942816,0.059703530740266374,0.28426491892613914,0.015804264442502835,0.23043413701412457,0.13264785363014056,0.09122251894742854,0.27698559765369796,0.10674020384424433,0.2578374140531476,0.1262853854992109,-0.020400668874516175,-0.028639974249619466,-0.020599820237906928,0.2325587179961943,0.19286448072170592,0.0937876411504138,0.16486154611538104,-0.02240518137211887,0.16103995531313106,-0.017024021150311354,0.05287919040884702,0.1706969644885827,0.09991204420894491,0.2872501524324721,0.2240196798502461,0.31969720053999334,0.16014142246272614,0.3206961972619873,-0.05364040559721179,0.3008805272503046,0.2757469409751708,0.28666993061526674,0.06351141807632679,-0.033120868688443196,1.0,0.08594240469770026,0.10530721598807616,0.16787428288907041,0.133479472631432
UGX,0.16380523223251486,0.2704760066828487,0.12016519061892772,-0.08653480744821697,-0.043403576019183154,-0.020614106725308015,0.17429456963366938,0.016894704177443723,-0.06847223614404846,0.32319495155114897,0.02781557706559135,0.09360521301853632,0.03935386428285277,0.1319651998892829,0.1877131766392883,0.17783223335302442,0.045416488902935856,0.027425002727072052,0.1628646130894052,0.2533443794804162,-0.12505942884930932,0.05094671085475372,0.1238580192570729,-0.06823896044840114,0.08616322441137429,0.04158362939513362,0.18222211157089493,0.010449260438612615,0.2376463911973718,0.05475188726822397,0.2073693597766516,0.1938783657885323,0.05002865114586994,0.021248726749071672,0.03799565865511773,0.09612457282925796,0.03455404103904794,0.12082057031787173,0.08594240469770026,1.0,0.06971663789713571,0.036418157388589535,0.07241537533427249
UYU,-0.0743014383445966,-0.012688822385411655,0.15014598275363517,0.21550433687198137,0.3756077049865518,0.19663979172403492,0.002909368061324366,-0.20411267020122661,0.2207656215040147,0.4004953029911335,-0.15225673019410435,-0.03183714612300883,-0.1625019107285388,-0.17435760503794517,0.44580365169822417,-0.12459658333941634,-0.040849820606397906,0.03478403419550866,-0.14369034100306458,0.06704823472279414,-0.243640026807757,-0.05678372832977662,-0.1334111718473581,-0.1493843368122975,0.12132963491048751,0.025968304844856165,0.3687079494361256,-0.18352410297969046,0.08515924227657747,0.3541934819675544,0.1721946932391552,0.13003087858508341,0.33805612566666254,-0.1605167645851053,-0.09338400414408861,-0.10992183777963066,-0.04385911193357703,0.2924130243139416,0.10530721598807616,0.06971663789713571,1.0,-0.059771112081628025,0.3005348799766589
ZAR,0.39353984817726173,-0.1775294604180898,0.37271591774463664,-0.011424865156782977,0.020421696064856682,0.2658152978394656,0.0908406963205854,0.40738849215102074,0.2736591639126547,0.14697534439817625,0.4020409709155267,0.3187155251237746,0.42934515431401904,0.34518340962975497,-0.23220813094832066,0.03914024095630148,0.25504890955955334,0.32410436019718586,0.3676576965728272,-0.1261818580423402,0.29896743360250827,0.22569063663604974,0.35617023320461794,0.11079631324412507,-0.006739851501400438,0.2595083145115166,-0.18533527162576063,0.4311865249637429,0.38661314314351053,0.2018227307209681,0.1463092058525601,0.4713616754015586,-0.14902510086658738,0.3595600336318799,0.4673836782224703,0.36721098203956326,0.32936081128447314,0.22302037325961893,0.16787428288907041,0.036418157388589535,-0.059771112081628025,1.0,0.20667312307216248
ZMW,0.13060218201982576,-0.14834149783474138,0.01289191952558663,0.37436667640932253,0.03609018414681325,0.11498765974799464,0.07336966948581507,0.001154945865351848,0.2245166124572988,0.10724075277129781,-0.06523782890933882,0.052792229065889595,-0.0016875019897727066,-0.022322163630813276,0.04512946764626409,0.11701924257799125,0.011581452762335208,0.09361885683616823,0.043292304521522745,-0.11040574275641618,-0.1272158610986493,0.11002135890765931,0.06540349378498783,0.017472543539663373,0.18285234400300973,0.14736837957632729,0.07568144550328802,-0.00256127154207166,0.049032108450167915,0.0872672419462426,0.11997238906121092,0.16518509990875374,0.013658201091307864,-0.04022563760742018,0.01873382624778152,0.06397187008869984,-0.03266809389464736,0.1105865990100583,0.133479472631432,0.07241537533427249,0.3005348799766589,0.20667312307216248,1.0
